{
  "params":{
    "realtime_display": true,
    "use_stored_detections": false,
    "save_detections": false,
    "use_traj_file": false,
    "smooth_trajectories": false,
    "save_traj_file": false,
    "filter_traj": true,
    "evaluate_tracker": false,
    "camera_view_offset": 20,
    "det_model":"stars",
    "det_conf_thresh": 0.8,
    "relevant_classes": [0, 2],
    "max_dist_thresh": 40,
    "use_map_prior":true,
    "plot_hdmap" : false
  },

  "carla_46":{
    "det_model": "stars",
    "xy_pixels_camera": [[142, 788], [375, 741], [712, 669], [829, 643], [931, 622], [1007, 585], [1086, 582], [1315, 535], [1497, 497], [1696, 495], [1355, 608], [1666, 660], [1199, 609], [1411, 671], [1772, 776], [312, 642], [283, 589], [259, 555], [244, 527], [682, 582], [604, 552], [546, 524], [729, 503], [589, 465], [501, 445], [446, 440]],
    "xy_pixels_map": [[1220, 788], [1219, 754], [1218, 687], [1217, 653], [1217, 620], [1203, 578], [1214, 554], [1220, 424], [1214, 233], [1274, 113], [1283, 515], [1359, 511], [1257, 553], [1324, 563], [1391, 573], [1134, 754], [1063, 755], [995, 757], [924, 757], [1130, 654], [1061, 654], [990, 655], [990, 567], [801, 568], [606, 570], [416, 570]],
    "bev_boundary": [[800, 816], [800, 200], [1388, 200], [1388, 635], [1190, 816], [800, 816]],
    "camera_tf": [[0.6330227294094743, 0.7660440151570704, 0.11161895400429804, -88.98273468017578], 
                    [-0.7544060919176474, 0.6427881197113354, -0.13302210957396599, 143.85897827148438],
                    [-0.17364812849127345, -0.0, 0.9848077616832019, 7.172693729400635],
                    [0.0, 0.0, 0.0, 1.0]],
    "birdview_tf": [[ 6.12323400e-17, -1.17122825e-06,  1.00000000e+00,
         -6.39827042e+01],
        [ 6.48841208e-24,  1.00000000e+00,  1.17122825e-06,
          9.58590088e+01],
        [-1.00000000e+00, -6.52286341e-23,  6.12323400e-17,
          1.00172691e+02],
        [ 0.00000000e+00,  0.00000000e+00,  0.00000000e+00,
          1.00000000e+00]],
    "intrinsics": [[960.0000000000001, 0.0, 960.0], [0.0, 960.0000000000001, 540.0], [0.0, 0.0, 1.0]]
    },

  "carla_47":{
    "det_model": "stars",
    "xy_pixels_camera": [[207, 772], [590, 687], [737, 658], [945, 611], [1150, 604], [1370, 655], [1710, 735], [1009, 581], [767, 511], [1305, 526], [367, 655], [326, 603], [274, 569], [194, 548], [764, 599]],
    "xy_pixels_map": [[1424, 628], [1425, 694], [1425, 729], [1428, 796], [1397, 845], [1330, 844], [1262, 845], [1440, 829], [1623, 843], [1434, 994], [1484, 659], [1552, 660], [1623, 653], [1690, 634], [1475, 760]],
    "bev_boundary": [[1262, 999], [1650, 999], [1650, 600], [1398, 600], [1262, 821], [1262, 999]],
    "birdview_tf": [[-0.6330222271330965, -0.766044443118978, -0.11161886543944671, -72.82001495361328],
                    [0.7544065133778557, -0.6427876096865394, 0.1330221838887503, 123.06434631347656],
                    [-0.17364812849127345, -0.0, 0.9848077616832019, 7.0030341148376465],
                    [0.0, 0.0, 0.0, 1.0]],
    "intrinsics": [[960.0000000000001, 0.0, 960.0], [0.0, 960.0000000000001, 540.0], [0.0, 0.0, 1.0]]
    },
  "carla_50":{
    "det_model": "stars",
    "xy_pixels_camera": [[55, 796], [299, 745], [488, 707], [686, 668], [810, 642], [910, 622], [1123, 614], [1343, 667], [1683, 750], [514, 610], [389, 531], [330, 493], [1001, 591], [1139, 565], [1865, 759], [1254, 617], [1556, 685], [253, 644], [231, 597], [218, 563]],
    "xy_pixels_map": [[1435, 612], [1436, 645], [1434, 681], [1434, 724], [1435, 756], [1435, 789], [1403, 841], [1335, 841], [1267, 841], [1513, 707], [1699, 706], [1868, 704], [1441, 829], [1439, 891], [1246, 856], [1374, 864], [1298, 867], [1522, 646], [1595, 644], [1664, 645]],
    "bev_boundary": [[1262, 815], [1458, 586], [1707, 590], [1726, 999], [1273, 999], [1261, 815]],
    "birdview_tf": [[-0.6330222271330965, -0.766044443118978, -0.11161886543944671, 5.339999675750732],
                    [0.7544065133778557, -0.6427876096865394, 0.1330221838887503, 121.07999420166016],
                    [-0.17364812849127345, -0.0, 0.9848077616832019, 7.199999809265137],
                    [0.0, 0.0, 0.0, 1.0]],
    "intrinsics": [[960.0000000000001, 0.0, 960.0], [0.0, 960.0000000000001, 540.0], [0.0, 0.0, 1.0]]
    },

    "carla_53":{
    "det_model": "stars",
    "xy_pixels_camera": [[60, 855], [332, 791], [537, 741], [743, 691], [866, 662], [970, 636], [1290, 641], [1444, 672], [1621, 704], [546, 655], [360, 542], [281, 493], [237, 467], [969, 590], [1546, 619], [1468, 535], [1417, 553]],
    "xy_pixels_map": [[1238, 793], [1238, 758], [1239, 725], [1239, 681], [1239, 648], [1240, 615], [1297, 556], [1337, 553], [1371, 548], [1188, 706], [979, 707], [762, 705], [548, 707], [1207, 584], [1336, 479], [1266, 353], [1266, 402]],
    "bev_boundary": [[[750, 795], [750, 1], [1400, 1], [1400, 645], [1236, 795], [750, 795]]],
    "birdview_tf": [[0.6589660866972474, 0.7431438453751698, 0.11619346652855192, -10.19999885559082], 
                    [-0.7318538269725684, 0.6691316948710514, -0.12904553794920653, 141.45999145507812], 
                    [-0.17364812849127345, -0.0, 0.9848077616832019, 7.199999809265137], 
                    [0.0, 0.0, 0.0, 1.0]],
    "intrinsics": [[960.0000000000001, 0.0, 960.0], [0.0, 960.0000000000001, 540.0], [0.0, 0.0, 1.0]]
    },

  "carla_56":{
    "det_model": "stars",
    "xy_pixels_camera": [[812, 558], [963, 599], [955, 519], [1067, 503], [1139, 495], [785, 524], [686, 502], [569, 478], [715, 558], [627, 569], [532, 582], [409, 597], [282, 614], [130, 634], [937, 566], [1013, 650], [974, 706], [918, 788], [826, 926], [154, 538], [298, 524]],
    "xy_pixels_map": [[1415, 814], [1328, 815], [1432, 861], [1432, 907], [1433, 981], [1492, 832], [1596, 829], [1696, 829], [1441, 787], [1441, 755], [1440, 720], [1440, 689], [1442, 652], [1442, 620], [1375, 839], [1280, 789], [1256, 756], [1231, 722], [1204, 686], [1651, 626], [1650, 679]],
    "bev_pos_bound": [780, 1380, 360, 780],
    "birdview_tf": [[ 6.12323400e-17,  3.15265754e-06, -1.00000000e+00, -9.83464661e+01],
                    [-1.16791413e-22, -1.00000000e+00, -3.15265754e-06, 4.20666046e+01],
                    [-1.00000000e+00,  3.09836012e-22, -6.12323400e-17, 1.00149445e+02],
                    [ 0.00000000e+00,  0.00000000e+00,  0.00000000e+00, 1.00000000e+00]],
    "camera_boundary": [[139, 495], [464, 463], [816, 584], [913, 571], [995, 565], [1018, 467], [1119, 480], [1254, 666], [1447, 723], [1714, 584], [1843, 610], [1371, 990], [292, 999], [149, 953], [139, 495]],
    "bev_boundary": [[1203, 685], [1417, 600], [1806, 600], [1806, 999], [1203, 999], [1203, 685]],
    "intrinsics": [[960.0000000000001, 0.0, 960.0], [0.0, 960.0000000000001, 540.0], [0.0, 0.0, 1.0]]
  },
  
  "carla_55":{
    "det_model": "stars",
    "xy_pixels_camera": [[41, 464], [80, 450], [373, 737], [824, 642], [594, 454], [1107, 611], [1598, 480], [1354, 608], [1665, 661], [1784, 836], [794, 628], [682, 584], [604, 551], [544, 524], [500, 506], [463, 489], [433, 478], [406, 465], [386, 459], [368, 455]],
    "xy_pixels_map": [[548, 843], [310, 829], [1218, 755], [1218, 654], [720, 539], [1241, 577], [1222, 98], [1285, 513], [1360, 511], [1397, 600], [1200, 654], [1130, 654], [1060, 655], [990, 655], [920, 655], [850, 657], [780, 656], [709, 656], [638, 656], [568, 658]],
    "bev_pos_bound": [720,1400,260,820],
    "birdview_tf": [[ 6.12323400e-17, -1.17122825e-06, 1.00000000e+00,-6.39827042e+01],
                    [ 6.48841208e-24, 1.00000000e+00, 1.17122825e-06,9.58590088e+01],
                    [-1.00000000e+00, -6.52286341e-23, 6.12323400e-17,1.00172691e+02],
                    [ 0.00000000e+00, 0.00000000e+00, 0.00000000e+00, 1.00000000e+00]],
    "camera_boundary": [[32, 871], [100, 497], [518, 469], [1022, 636], [1490, 531], [1854, 593], [1673, 999], [7, 998], [32, 871]],
    "bev_boundary": [[880, 812], [880, 310], [1400, 310], [1400, 596], [1239, 812], [880, 812]],