{
  "vehicle": {
    "Precision": 0.9597566682264858,
    "Recall": 0.9611059044048734
  },
  "bike": {
    "Precision": 0.9058365758754864,
    "Recall": 0.8824867323730099
  },
  "pedestrian": {
    "Precision": 0.46706586826347307,
    "Recall": 0.43575418994413406
  }
}